moeCode,formerName,currentName,sourceTitle,sourceUrl,sourceDate
4112011032,天津市职业大学,天津职业大学,教育部全國普通高等學校名單 2025（截至2025-06-20）與 2026（截至2026-06-17）同一學校標識碼比對,https://www.moe.gov.cn/jyb_xxgk/s5743/s5744/202606/t20260618_1441074.html,2026-06-17
4113011104,华北科技学院,应急管理大学,教育部全國普通高等學校名單 2025（截至2025-06-20）與 2026（截至2026-06-17）同一學校標識碼比對,https://www.moe.gov.cn/jyb_xxgk/s5743/s5744/202606/t20260618_1441074.html,2026-06-17
4115010138,赤峰学院,赤峰大学,教育部全國普通高等學校名單 2025（截至2025-06-20）與 2026（截至2026-06-17）同一學校標識碼比對,https://www.moe.gov.cn/jyb_xxgk/s5743/s5744/202606/t20260618_1441074.html,2026-06-17
4121013198,大连理工大学城市学院,大连工程学院,教育部全國普通高等學校名單 2025（截至2025-06-20）與 2026（截至2026-06-17）同一學校標識碼比對,https://www.moe.gov.cn/jyb_xxgk/s5743/s5744/202606/t20260618_1441074.html,2026-06-17
4122012306,长春东方职业学院,长春医药职业学院,教育部全國普通高等學校名單 2025（截至2025-06-20）與 2026（截至2026-06-17）同一學校標識碼比對,https://www.moe.gov.cn/jyb_xxgk/s5743/s5744/202606/t20260618_1441074.html,2026-06-17
4123012726,黑龙江农业工程职业学院,黑龙江农业工程职业技术大学,教育部全國普通高等學校名單 2025（截至2025-06-20）與 2026（截至2026-06-17）同一學校標識碼比對,https://www.moe.gov.cn/jyb_xxgk/s5743/s5744/202606/t20260618_1441074.html,2026-06-17
4123012053,黑龙江建筑职业技术学院,哈尔滨建筑科技职业大学,教育部全國普通高等學校名單 2025（截至2025-06-20）與 2026（截至2026-06-17）同一學校標識碼比對,https://www.moe.gov.cn/jyb_xxgk/s5743/s5744/202606/t20260618_1441074.html,2026-06-17
4132011049,淮阴工学院,淮安大学,教育部全國普通高等學校名單 2025（截至2025-06-20）與 2026（截至2026-06-17）同一學校標識碼比對,https://www.moe.gov.cn/jyb_xxgk/s5743/s5744/202606/t20260618_1441074.html,2026-06-17
4132010849,江苏建筑职业技术学院,江苏建筑职业技术大学,教育部全國普通高等學校名單 2025（截至2025-06-20）與 2026（截至2026-06-17）同一學校標識碼比對,https://www.moe.gov.cn/jyb_xxgk/s5743/s5744/202606/t20260618_1441074.html,2026-06-17
4132012317,常州信息职业技术学院,常州信息职业技术大学,教育部全國普通高等學校名單 2025（截至2025-06-20）與 2026（截至2026-06-17）同一學校標識碼比對,https://www.moe.gov.cn/jyb_xxgk/s5743/s5744/202606/t20260618_1441074.html,2026-06-17
4133010347,湖州师范学院,湖州师范大学,教育部全國普通高等學校名單 2025（截至2025-06-20）與 2026（截至2026-06-17）同一學校標識碼比對,https://www.moe.gov.cn/jyb_xxgk/s5743/s5744/202606/t20260618_1441074.html,2026-06-17
4133010349,绍兴文理学院,绍兴大学,教育部全國普通高等學校名單 2025（截至2025-06-20）與 2026（截至2026-06-17）同一學校標識碼比對,https://www.moe.gov.cn/jyb_xxgk/s5743/s5744/202606/t20260618_1441074.html,2026-06-17
4133010864,温州职业技术学院,温州职业技术大学,教育部全國普通高等學校名單 2025（截至2025-06-20）與 2026（截至2026-06-17）同一學校標識碼比對,https://www.moe.gov.cn/jyb_xxgk/s5743/s5744/202606/t20260618_1441074.html,2026-06-17
4134010368,皖南医学院,皖南医科大学,教育部全國普通高等學校名單 2025（截至2025-06-20）與 2026（截至2026-06-17）同一學校標識碼比對,https://www.moe.gov.cn/jyb_xxgk/s5743/s5744/202606/t20260618_1441074.html,2026-06-17
4134010879,安徽科技学院,安徽科技工程大学,教育部全國普通高等學校名單 2025（截至2025-06-20）與 2026（截至2026-06-17）同一學校標識碼比對,https://www.moe.gov.cn/jyb_xxgk/s5743/s5744/202606/t20260618_1441074.html,2026-06-17
4134012072,安徽商贸职业技术学院,安徽应用技术职业大学,教育部全國普通高等學校名單 2025（截至2025-06-20）與 2026（截至2026-06-17）同一學校標識碼比對,https://www.moe.gov.cn/jyb_xxgk/s5743/s5744/202606/t20260618_1441074.html,2026-06-17
4135010395,闽江学院,闽江大学,教育部全國普通高等學校名單 2025（截至2025-06-20）與 2026（截至2026-06-17）同一學校標識碼比對,https://www.moe.gov.cn/jyb_xxgk/s5743/s5744/202606/t20260618_1441074.html,2026-06-17
4135011502,福州职业技术学院,福州职业技术大学,教育部全國普通高等學校名單 2025（截至2025-06-20）與 2026（截至2026-06-17）同一學校標識碼比對,https://www.moe.gov.cn/jyb_xxgk/s5743/s5744/202606/t20260618_1441074.html,2026-06-17
4136014168,江西泰豪动漫职业学院,南昌科技职业大学,教育部全國普通高等學校名單 2025（截至2025-06-20）與 2026（截至2026-06-17）同一學校標識碼比對,https://www.moe.gov.cn/jyb_xxgk/s5743/s5744/202606/t20260618_1441074.html,2026-06-17
4136013422,江西外语外贸职业学院,江西外语外贸职业大学,教育部全國普通高等學校名單 2025（截至2025-06-20）與 2026（截至2026-06-17）同一學校標識碼比對,https://www.moe.gov.cn/jyb_xxgk/s5743/s5744/202606/t20260618_1441074.html,2026-06-17
4137010440,滨州医学院,山东医药大学,教育部全國普通高等學校名單 2025（截至2025-06-20）與 2026（截至2026-06-17）同一學校標識碼比對,https://www.moe.gov.cn/jyb_xxgk/s5743/s5744/202606/t20260618_1441074.html,2026-06-17
4137012818,滨州职业学院,滨州职业技术大学,教育部全國普通高等學校名單 2025（截至2025-06-20）與 2026（截至2026-06-17）同一學校標識碼比對,https://www.moe.gov.cn/jyb_xxgk/s5743/s5744/202606/t20260618_1441074.html,2026-06-17
4137012062,日照职业技术学院,日照职业技术大学,教育部全國普通高等學校名單 2025（截至2025-06-20）與 2026（截至2026-06-17）同一學校標識碼比對,https://www.moe.gov.cn/jyb_xxgk/s5743/s5744/202606/t20260618_1441074.html,2026-06-17
4137010832,山东商业职业技术学院,山东商业职业技术大学,教育部全國普通高等學校名單 2025（截至2025-06-20）與 2026（截至2026-06-17）同一學校標識碼比對,https://www.moe.gov.cn/jyb_xxgk/s5743/s5744/202606/t20260618_1441074.html,2026-06-17
4137012819,山东科技职业学院,山东科技职业大学,教育部全國普通高等學校名單 2025（截至2025-06-20）與 2026（截至2026-06-17）同一學校標識碼比對,https://www.moe.gov.cn/jyb_xxgk/s5743/s5744/202606/t20260618_1441074.html,2026-06-17
4141012794,河南工业职业技术学院,河南工业职业技术大学,教育部全國普通高等學校名單 2025（截至2025-06-20）與 2026（截至2026-06-17）同一學校標識碼比對,https://www.moe.gov.cn/jyb_xxgk/s5743/s5744/202606/t20260618_1441074.html,2026-06-17
4141010843,郑州铁路职业技术学院,郑州铁路职业技术大学,教育部全國普通高等學校名單 2025（截至2025-06-20）與 2026（截至2026-06-17）同一學校標識碼比對,https://www.moe.gov.cn/jyb_xxgk/s5743/s5744/202606/t20260618_1441074.html,2026-06-17
4142010955,黄冈职业技术学院,黄冈职业技术大学,教育部全國普通高等學校名單 2025（截至2025-06-20）與 2026（截至2026-06-17）同一學校標識碼比對,https://www.moe.gov.cn/jyb_xxgk/s5743/s5744/202606/t20260618_1441074.html,2026-06-17
4142012354,襄阳职业技术学院,襄阳职业技术大学,教育部全國普通高等學校名單 2025（截至2025-06-20）與 2026（截至2026-06-17）同一學校標識碼比對,https://www.moe.gov.cn/jyb_xxgk/s5743/s5744/202606/t20260618_1441074.html,2026-06-17
4142012979,湖北三峡职业技术学院,湖北三峡职业技术大学,教育部全國普通高等學校名單 2025（截至2025-06-20）與 2026（截至2026-06-17）同一學校標識碼比對,https://www.moe.gov.cn/jyb_xxgk/s5743/s5744/202606/t20260618_1441074.html,2026-06-17
4143010543,湖南理工学院,湖南理工大学,教育部全國普通高等學校名單 2025（截至2025-06-20）與 2026（截至2026-06-17）同一學校標識碼比對,https://www.moe.gov.cn/jyb_xxgk/s5743/s5744/202606/t20260618_1441074.html,2026-06-17
4143013921,湖南工艺美术职业学院,湖南工艺美术职业大学,教育部全國普通高等學校名單 2025（截至2025-06-20）與 2026（截至2026-06-17）同一學校標識碼比對,https://www.moe.gov.cn/jyb_xxgk/s5743/s5744/202606/t20260618_1441074.html,2026-06-17
4143013043,湖南化工职业技术学院,湖南化工职业技术大学,教育部全國普通高等學校名單 2025（截至2025-06-20）與 2026（截至2026-06-17）同一學校標識碼比對,https://www.moe.gov.cn/jyb_xxgk/s5743/s5744/202606/t20260618_1441074.html,2026-06-17
4144013675,北京理工大学珠海学院,广东江门南粤学院,教育部全國普通高等學校名單 2025（截至2025-06-20）與 2026（截至2026-06-17）同一學校標識碼比對,https://www.moe.gov.cn/jyb_xxgk/s5743/s5744/202606/t20260618_1441074.html,2026-06-17
4144016401,北京师范大学-香港浸会大学联合国际学院,北师香港浸会大学,教育部全國普通高等學校名單 2025（截至2025-06-20）與 2026（截至2026-06-17）同一學校標識碼比對,https://www.moe.gov.cn/jyb_xxgk/s5743/s5744/202606/t20260618_1441074.html,2026-06-17
4145013890,北京航空航天大学北海学院,广西工业学院,教育部全國普通高等學校名單 2025（截至2025-06-20）與 2026（截至2026-06-17）同一學校標識碼比對,https://www.moe.gov.cn/jyb_xxgk/s5743/s5744/202606/t20260618_1441074.html,2026-06-17
4145011773,广西职业技术学院,广西职业技术大学,教育部全國普通高等學校名單 2025（截至2025-06-20）與 2026（截至2026-06-17）同一學校標識碼比對,https://www.moe.gov.cn/jyb_xxgk/s5743/s5744/202606/t20260618_1441074.html,2026-06-17
4146013875,海南经贸职业技术学院,海南经贸职业大学,教育部全國普通高等學校名單 2025（截至2025-06-20）與 2026（截至2026-06-17）同一學校標識碼比對,https://www.moe.gov.cn/jyb_xxgk/s5743/s5744/202606/t20260618_1441074.html,2026-06-17
4150010643,重庆三峡学院,重庆三峡科技大学,教育部全國普通高等學校名單 2025（截至2025-06-20）與 2026（截至2026-06-17）同一學校標識碼比對,https://www.moe.gov.cn/jyb_xxgk/s5743/s5744/202606/t20260618_1441074.html,2026-06-17
4150012759,重庆工程职业技术学院,重庆工程职业技术大学,教育部全國普通高等學校名單 2025（截至2025-06-20）與 2026（截至2026-06-17）同一學校標識碼比對,https://www.moe.gov.cn/jyb_xxgk/s5743/s5744/202606/t20260618_1441074.html,2026-06-17
4150012758,重庆城市管理职业学院,重庆城市管理职业大学,教育部全國普通高等學校名單 2025（截至2025-06-20）與 2026（截至2026-06-17）同一學校標識碼比對,https://www.moe.gov.cn/jyb_xxgk/s5743/s5744/202606/t20260618_1441074.html,2026-06-17
4151011553,成都纺织高等专科学校,成都轻工职业技术大学,教育部全國普通高等學校名單 2025（截至2025-06-20）與 2026（截至2026-06-17）同一學校標識碼比對,https://www.moe.gov.cn/jyb_xxgk/s5743/s5744/202606/t20260618_1441074.html,2026-06-17
4151012764,四川建筑职业技术学院,四川建筑职业技术大学,教育部全國普通高等學校名單 2025（截至2025-06-20）與 2026（截至2026-06-17）同一學校標識碼比對,https://www.moe.gov.cn/jyb_xxgk/s5743/s5744/202606/t20260618_1441074.html,2026-06-17
4151012761,四川交通职业技术学院,四川交通职业技术大学,教育部全國普通高等學校名單 2025（截至2025-06-20）與 2026（截至2026-06-17）同一學校標識碼比對,https://www.moe.gov.cn/jyb_xxgk/s5743/s5744/202606/t20260618_1441074.html,2026-06-17
4152014412,贵州工商职业学院,贵州工商职业大学,教育部全國普通高等學校名單 2025（截至2025-06-20）與 2026（截至2026-06-17）同一學校標識碼比對,https://www.moe.gov.cn/jyb_xxgk/s5743/s5744/202606/t20260618_1441074.html,2026-06-17
4152013052,贵州工业职业技术学院,贵州工业职业技术大学,教育部全國普通高等學校名單 2025（截至2025-06-20）與 2026（截至2026-06-17）同一學校標識碼比對,https://www.moe.gov.cn/jyb_xxgk/s5743/s5744/202606/t20260618_1441074.html,2026-06-17
4153011557,昆明冶金高等专科学校,昆明冶金职业大学,教育部全國普通高等學校名單 2025（截至2025-06-20）與 2026（截至2026-06-17）同一學校標識碼比對,https://www.moe.gov.cn/jyb_xxgk/s5743/s5744/202606/t20260618_1441074.html,2026-06-17
4153014212,云南经贸外事职业学院,昆明科技职业大学,教育部全國普通高等學校名單 2025（截至2025-06-20）與 2026（截至2026-06-17）同一學校標識碼比對,https://www.moe.gov.cn/jyb_xxgk/s5743/s5744/202606/t20260618_1441074.html,2026-06-17
4153012357,云南交通职业技术学院,云南交通职业技术大学,教育部全國普通高等學校名單 2025（截至2025-06-20）與 2026（截至2026-06-17）同一學校標識碼比對,https://www.moe.gov.cn/jyb_xxgk/s5743/s5744/202606/t20260618_1441074.html,2026-06-17
4161011395,榆林学院,榆林大学,教育部全國普通高等學校名單 2025（截至2025-06-20）與 2026（截至2026-06-17）同一學校標識碼比對,https://www.moe.gov.cn/jyb_xxgk/s5743/s5744/202606/t20260618_1441074.html,2026-06-17
4165014523,新疆生产建设兵团兴新职业技术学院,新疆工程职业大学,教育部全國普通高等學校名單 2025（截至2025-06-20）與 2026（截至2026-06-17）同一學校標識碼比對,https://www.moe.gov.cn/jyb_xxgk/s5743/s5744/202606/t20260618_1441074.html,2026-06-17
4165014489,新疆铁道职业技术学院,新疆能源铁道职业技术大学,教育部全國普通高等學校名單 2025（截至2025-06-20）與 2026（截至2026-06-17）同一學校標識碼比對,https://www.moe.gov.cn/jyb_xxgk/s5743/s5744/202606/t20260618_1441074.html,2026-06-17
4165013956,新疆石河子职业技术学院,石河子职业技术大学,教育部全國普通高等學校名單 2025（截至2025-06-20）與 2026（截至2026-06-17）同一學校標識碼比對,https://www.moe.gov.cn/jyb_xxgk/s5743/s5744/202606/t20260618_1441074.html,2026-06-17
4165012514,新疆轻工职业技术学院,新疆工业职业技术大学,教育部全國普通高等學校名單 2025（截至2025-06-20）與 2026（截至2026-06-17）同一學校標識碼比對,https://www.moe.gov.cn/jyb_xxgk/s5743/s5744/202606/t20260618_1441074.html,2026-06-17
